Variable: 	 Min 	 Max 	 Prom 
Temp: 	 -5.309000 	 30.250000 	 8.848917 
Humedad: 	 0.000000 	 99.500000 	 39.966751 
Viento: 	 0.000000 	 6.446000 	 0.740092 
Radiacion: 	 -68440513043847184000.000000 	 7002873971111906200000000000000000000.000000 	 -1.#QNAN0 
